{
  "airfoil": "naca0012",
  "motor": "3",
  "prop": "3",
  "tilt_deg": 45,
  "vertical_thrust": 8.62670273047588,
  "horizontal_thrust": 8.62670273047588,
  "power_draw_W": 814.0,
  "torque_Nm": 0.368,
  "ct": 0.01916,
  "cp": 0.0076,
  "efficiency": 0.2991,
  "mach": 0.0588,
  "wake_advance_ratio": 0.19758,
  "score": 2.9699240484148164
}