{
  "airfoil": "seligs1223",
  "motor": "5",
  "prop": "8",
  "ducted": false,
  "tilt_deg": 45,
  "vertical_thrust": 14.071424945612296,
  "horizontal_thrust": 14.071424945612296,
  "power_draw_W": 688.0,
  "torque_Nm": 0.373,
  "ct": 0.00583,
  "cp": 0.00086,
  "efficiency": 0.5773,
  "mach": 0.0588,
  "wake_advance_ratio": 0.11776,
  "score": 4.709306681130109
}