{
  "airfoil": "naca0012",
  "motor": "3",
  "prop": "4",
  "tilt_deg": 45,
  "vertical_thrust": 9.121677477306465,
  "horizontal_thrust": 9.121677477306465,
  "power_draw_W": 814.0,
  "torque_Nm": 0.368,
  "ct": 0.02028,
  "cp": 0.0076,
  "efficiency": 0.3167,
  "mach": 0.0588,
  "wake_advance_ratio": 0.2101,
  "score": 3.178770423420296
}