{
  "airfoil": "e216",
  "motor": "3",
  "prop": "9",
  "tilt_deg": 45,
  "vertical_thrust": 9.263098833543774,
  "horizontal_thrust": 9.263098833543774,
  "power_draw_W": 814.0,
  "torque_Nm": 0.368,
  "ct": 0.00267,
  "cp": 0.00059,
  "efficiency": 0.3223,
  "mach": 0.0588,
  "wake_advance_ratio": 0.08944,
  "score": 3.0134573428896485
}