{
  "airfoil": "e216",
  "motor": "3",
  "prop": "8",
  "tilt_deg": 45,
  "vertical_thrust": 9.263098833543774,
  "horizontal_thrust": 9.263098833543774,
  "power_draw_W": 814.0,
  "torque_Nm": 0.368,
  "ct": 0.00268,
  "cp": 0.00059,
  "efficiency": 0.3224,
  "mach": 0.0588,
  "wake_advance_ratio": 0.08943,
  "score": 3.0140575389680797
}