{
  "airfoil": "seligs1223",
  "motor": "3",
  "prop": "8",
  "ducted": true,
  "tilt_deg": 30,
  "vertical_thrust": 13.509996299037244,
  "horizontal_thrust": 7.799999999999999,
  "power_draw_W": 814.0,
  "torque_Nm": 0.368,
  "ct": 0.00318,
  "cp": 0.00059,
  "efficiency": 0.3827,
  "mach": 0.0588,
  "wake_advance_ratio": 0.09227,
  "score": 4.335047499818607
}