{
  "airfoil": "seligs1223",
  "motor": "1",
  "prop": "8",
  "tilt_deg": 0,
  "vertical_thrust": 4.28,
  "horizontal_thrust": 0.0,
  "power_draw_W": 118.0,
  "torque_Nm": 0.979,
  "ct": 0.00292,
  "cp": 0.00053,
  "efficiency": 0.7233,
  "mach": 0.0588,
  "wake_advance_ratio": 0.14441,
  "score": 0.39630239614489865
}